{
  "name": "pro-cyclist",
  "description": "",
  "extends": "road-cycling",
  "overrides": {
    "weights": {
      "flow": 0.30434782608695654,
      "safety": 0.043478260869565216,
      "surface": 0.0923913043478261,
      "character": 0.25,
      "scenic": 0.02717391304347826,
      "elevation": 0.2826086956521739
    },
    "characterScores": {
      "mixed": 0.25,
      "neighborhood": 0.13,
      "arterial": 0.13,
      "trail": 0.1,
      "path": 0
    },
    "crossingDecayRate": 0.04,
    "elevation": {
      "hillPreference": "rolling"
    }
  }
}
