{
  "name": "pro-cyclist",
  "description": "",
  "extends": "road-cycling",
  "overrides": {
    "weights": {
      "flow": 0.2844827586206896,
      "safety": 0.07758620689655171,
      "surface": 0.17241379310344826,
      "character": 0.2844827586206896,
      "scenic": 0.051724137931034475,
      "elevation": 0.1293103448275862
    },
    "characterScores": {
      "mixed": 0.25,
      "neighborhood": 0.13,
      "arterial": 0.13,
      "trail": 0.1,
      "path": 0
    },
    "crossingDecayRate": 0.04,
    "elevation": {
      "hillPreference": "rolling"
    }
  }
}
